{
  "meta_title": "",
  "meta_description": "",
  "sections": [
    {
      "type": "responsive-banner",
      "img": "/img/uploads/infantil-ao-ensino-medio-2-.png"
    },
    {
      "type": "info-bar",
      "enabled": false
    },
    {
      "type": "collection-shelf",
      "shuffle": true,
      "collection_id": "62952cafac0cb4200ff54bea:categories:Fardamento Escolar:/fardamento-escolar",
      "sort": "views",
      "title": "Fardamento Escolar",
      "headless": false,
      "limit": 8,
      "page": 1
    },
    {
      "type": "collection-shelf",
      "shuffle": true,
      "limit": 5,
      "page": 1,
      "collection_id": "68ac6aa2578b5f7954930c74:categories:JIENSC - 2025:/jiensc---2025",
      "sort": "news"
    },
    {
      "type": "collection-shelf",
      "shuffle": false,
      "limit": 6,
      "page": 1,
      "collection_id": "63151f1073321213f8665948:categories:Matrículas:/matriculas",
      "sort": "views",
      "title": "Matrículas"
    },
    {
      "type": "collection-shelf",
      "shuffle": true,
      "limit": 6,
      "page": 1,
      "collection_id": "6315103973321213f8664b26:categories:Livros Didáticos:/livros-didaticos",
      "title": "Livros Didáticos",
      "sort": "news"
    },
    {
      "type": "collection-shelf",
      "shuffle": true,
      "limit": 14,
      "page": 1,
      "collection_id": "63151c3373321213f8665647:categories:Eventos:/eventos",
      "title": "Eventos",
      "sort": "views"
    },
    {
      "type": "brands-carousel",
      "limit": 8,
      "offset": 0,
      "sort": null,
      "autoplay": 3000
    }
  ]
}